date,open,high,close,low,volume,price_change,p_change,ma5,ma10,ma20,v_ma5,v_ma10,v_ma20,turnover
2021-06-15,34.15,34.74,33.24,32.93,60957.35,-1.1,-3.2,33.24,33.24,33.24,60957.35,60957.35,60957.35,3.95
2021-06-16,33.04,33.8,32.92,32.86,39727.64,-0.32,-0.96,33.08,33.08,33.08,50342.5,50342.5,50342.5,2.57
2021-06-17,32.98,33.44,32.65,31.93,55033.3,-0.27,-0.82,32.937,32.937,32.937,51906.1,51906.1,51906.1,3.56
2021-06-18,32.62,33.31,33.31,32.12,38445.0,0.66,2.02,33.03,33.03,33.03,48540.82,48540.82,48540.82,2.49
2021-06-21,32.81,34.05,33.87,32.54,45038.01,0.56,1.68,33.198,33.198,33.198,47840.26,47840.26,47840.26,2.92
2021-06-22,34.0,35.2,33.93,33.87,54729.03,0.06,0.18,33.336,33.32,33.32,46594.6,48988.39,48988.39,3.54
2021-06-23,34.06,34.6,33.94,33.45,33044.93,0.01,0.03,33.54,33.409,33.409,45258.05,46710.75,46710.75,2.14
2021-06-24,34.25,34.25,33.68,33.25,29496.67,-0.26,-0.77,33.746,33.443,33.443,40150.73,44558.99,44558.99,1.84
2021-06-25,33.32,34.9,34.34,32.88,54884.08,0.66,1.96,33.952,33.542,33.542,43438.54,45706.22,45706.22,3.42
2021-06-28,34.5,34.59,34.34,33.8,37252.01,0.0,0.0,34.046,33.622,33.622,41881.34,44860.8,44860.8,2.32
2021-06-29,34.4,35.56,34.71,34.18,52331.18,0.37,1.08,34.202,33.769,33.721,41401.77,43998.19,45539.93,3.26
2021-06-30,34.48,37.0,36.51,34.4,75046.68,1.8,5.19,34.716,34.128,33.953,49802.12,47530.09,47998.82,4.68
2021-07-01,36.3,39.4,38.88,35.61,104917.15,2.37,6.49,35.756,34.751,34.332,64886.22,52518.47,52377.16,6.54
2021-07-02,38.27,39.0,37.83,37.48,60019.29,-1.05,-2.7,36.454,35.203,34.582,65913.26,54675.9,52923.02,3.74
2021-07-05,37.72,39.15,38.75,37.4,51356.34,0.92,2.43,37.336,35.691,34.86,68734.13,55307.74,52818.58,3.2
2021-07-06,38.79,38.92,37.65,37.16,41973.0,-1.1,-2.84,37.924,36.063,35.034,66662.49,54032.13,52140.73,2.62
2021-07-07,37.55,38.2,36.88,36.75,38709.66,-0.77,-2.04,37.998,36.357,35.143,59395.09,54598.61,51350.67,2.41
2021-07-08,37.16,37.45,35.94,35.78,44697.0,-0.94,-2.55,37.41,36.583,35.187,47351.06,56118.64,50981.02,2.79
2021-07-09,36.38,37.33,37.14,35.7,37949.78,1.2,3.34,37.272,36.863,35.29,42937.16,54425.21,50295.16,2.36
2021-07-12,37.0,37.78,36.35,36.3,38901.23,-0.79,-2.13,36.792,37.064,35.343,40446.13,54590.13,49725.47,2.42
2021-07-13,36.18,36.93,36.53,35.98,27664.0,0.18,0.49,36.568,37.246,35.508,37584.33,52123.41,48060.8,1.72
2021-07-14,36.64,37.41,36.61,36.01,35257.29,0.08,0.22,36.514,37.256,35.692,36893.86,48144.47,47837.28,2.2
2021-07-15,36.0,36.3,35.35,34.61,45609.0,-1.26,-3.44,36.396,36.903,35.827,37076.26,42213.66,47366.07,2.84
2021-07-16,35.33,37.08,36.79,35.33,42231.62,1.44,4.07,36.326,36.799,36.001,37932.63,40434.89,47555.4,2.63
2021-07-19,36.6,36.6,36.3,35.89,45961.0,-0.48,-1.3,36.316,36.554,36.123,39344.58,39895.36,47601.55,2.86
2021-07-20,35.81,36.25,35.89,35.05,36142.0,-0.41,-1.13,36.188,36.378,36.221,41040.18,39312.26,46672.2,2.25
2021-07-21,35.44,36.07,35.09,35.0,34732.27,-0.8,-2.23,35.884,36.199,36.278,40935.18,38914.52,46756.56,2.16
2021-07-22,35.09,36.39,35.76,34.83,34120.0,0.67,1.91,35.966,36.181,36.382,38637.38,37856.82,46987.73,2.13
2021-07-23,35.43,35.7,34.0,33.83,49039.55,-1.76,-4.92,35.408,35.867,36.365,39998.96,38965.8,46695.5,3.06
2021-07-26,33.76,34.54,33.99,33.34,33757.74,-0.01,-0.03,34.946,35.631,36.348,37558.31,38451.45,46520.79,2.1
2021-07-27,34.33,34.92,33.83,33.57,35947.91,-0.16,-0.47,34.534,35.361,36.304,37519.49,39279.84,45701.63,2.24
2021-07-28,34.05,34.2,32.13,31.88,36720.03,-1.7,-5.03,33.942,34.913,36.085,37917.05,39426.11,43785.29,2.29
2021-07-29,32.5,32.94,31.9,31.61,30674.45,-0.23,-0.72,33.17,34.568,35.736,37227.94,37932.66,40073.16,1.91
2021-07-30,31.5,32.32,31.41,31.28,31118.45,-0.49,-1.54,32.652,34.03,35.415,33643.72,36821.34,38628.12,1.94
2021-08-02,31.45,32.3,32.3,30.36,55937.95,0.89,2.83,32.314,33.63,35.092,38079.76,37819.04,38857.2,3.49
2021-08-03,32.01,32.09,31.1,31.01,43250.15,-1.2,-3.71,31.768,33.151,34.765,39540.21,38529.85,38921.05,2.7
2021-08-04,31.2,32.35,31.23,30.38,59262.24,0.13,0.42,31.588,32.765,34.482,44048.65,40982.85,39948.68,3.69
2021-08-05,31.1,31.1,29.32,29.32,60159.25,-1.91,-6.12,31.072,32.121,34.151,49945.61,43586.77,40721.8,3.75
2021-08-06,29.17,29.97,28.94,28.72,45824.31,-0.38,-1.3,30.578,31.615,33.741,52886.78,43265.25,41115.52,2.86
2021-08-09,28.61,30.33,29.65,28.6,35179.61,0.71,2.45,30.048,31.181,33.406,48735.11,43407.44,40929.44,2.19
2021-08-10,29.45,29.99,29.84,29.33,32201.29,0.19,0.64,29.796,30.782,33.072,46525.34,43032.77,41156.31,2.01
2021-08-11,29.85,31.99,30.77,29.8,68397.53,0.93,3.12,29.704,30.646,32.78,48352.4,46200.52,42813.32,4.26
2021-08-12,30.77,30.78,29.93,29.88,38226.22,-0.84,-2.73,29.826,30.449,32.509,43965.79,46955.7,42444.18,2.38
2021-08-13,29.9,30.33,30.2,29.22,35034.73,0.27,0.9,30.078,30.328,32.179,41807.88,47347.33,42084.33,2.18
2021-08-16,30.05,31.26,30.94,29.53,42071.28,0.74,2.45,30.336,30.192,31.911,43186.21,45960.66,41889.85,2.62
2021-08-17,31.0,31.06,30.03,29.92,36272.17,-0.91,-2.94,30.374,30.085,31.618,44000.39,45262.86,41896.36,2.26
2021-08-18,29.9,30.38,30.37,29.71,22043.23,0.34,1.13,30.294,29.999,31.382,34729.53,41540.96,41261.9,1.37
2021-08-19,30.36,30.36,29.4,29.37,25426.49,-0.97,-3.19,30.188,30.007,31.064,32169.58,38067.69,40827.23,1.58
2021-08-20,29.4,30.0,29.25,28.8,23842.49,-0.15,-0.51,29.998,30.038,30.827,29931.13,35869.5,39567.38,1.49
2021-08-23,29.26,31.23,30.69,29.26,54903.0,1.44,4.92,29.948,30.142,30.662,32497.48,37841.84,40624.64,3.42
2021-08-24,30.71,31.13,29.35,29.24,83320.23,-1.34,-4.37,29.812,30.093,30.438,41907.09,42953.74,42993.26,5.19
2021-08-25,29.5,29.59,28.81,28.67,52727.0,-0.54,-1.84,29.5,29.897,30.272,48043.84,41386.68,43793.6,3.29
2021-08-26,28.93,29.3,26.69,26.15,101821.0,-2.12,-7.36,28.958,29.573,30.011,63322.74,47746.16,47350.93,6.35
2021-08-27,26.82,27.96,26.1,25.86,94721.0,-0.59,-2.21,28.328,29.163,29.746,77498.45,53714.79,50531.06,5.9
2021-08-30,26.11,27.36,26.57,25.58,71943.11,0.47,1.8,27.504,28.726,29.459,80906.47,56701.97,51331.32,4.48
2021-08-31,26.73,26.73,25.59,25.38,48753.0,-0.98,-3.69,26.752,28.282,29.184,73993.02,57950.06,51606.46,3.04
2021-09-01,25.62,26.08,25.75,25.47,38728.76,0.16,0.62,26.14,27.82,28.91,71193.37,59618.61,50579.79,2.41
2021-09-02,25.72,26.45,26.22,25.46,44280.16,0.47,1.82,26.046,27.502,28.755,59685.21,61503.98,49785.83,2.76
2021-09-03,26.22,26.86,26.45,26.1,44133.6,0.23,0.88,26.116,27.222,28.63,49567.73,63533.09,49701.3,2.75
2021-09-06,26.66,27.97,27.26,26.28,65036.43,0.81,3.06,26.254,26.879,28.511,48186.39,64546.43,51194.14,4.05
2021-09-07,27.18,28.57,28.52,26.9,75171.55,1.26,4.62,26.84,26.796,28.445,53470.1,63731.56,53342.65,4.68
2021-09-08,28.54,31.48,30.2,28.54,115644.96,1.68,5.89,27.73,26.935,28.416,68853.34,70023.36,55705.02,7.21
2021-09-09,30.3,30.49,29.25,29.1,70405.81,-0.95,-3.15,28.336,27.191,28.382,74078.47,66881.84,57314.0,4.39
2021-09-10,29.05,29.88,28.8,28.69,53315.36,-0.45,-1.54,28.806,27.461,28.312,75914.82,62741.27,58228.03,3.32
2021-09-13,28.8,30.79,30.69,28.0,88360.41,1.89,6.56,29.492,27.873,28.3,80579.62,64383.0,60542.49,5.51
2021-09-14,30.23,30.6,29.52,29.35,51442.52,-1.17,-3.81,29.692,28.266,28.274,75833.81,64651.96,61301.01,3.21
2021-09-15,29.34,30.31,29.57,29.01,35735.21,0.05,0.17,29.566,28.648,28.234,59851.86,64352.6,61985.6,2.23
2021-09-16,29.3,29.88,28.25,28.25,39244.33,-1.32,-4.46,29.366,28.851,28.177,53619.57,63849.02,62676.5,2.45
2021-09-17,28.28,29.16,28.7,28.16,34361.0,0.45,1.59,29.346,29.076,28.149,49828.69,62871.76,63202.42,2.14
2021-09-22,28.34,28.76,28.43,27.6,33844.8,-0.27,-0.94,28.894,29.193,28.036,38925.57,59752.6,62149.51,2.11
2021-09-23,28.68,29.42,28.98,28.43,30738.0,0.55,1.94,28.786,29.239,28.018,34784.67,55309.24,59520.4,1.92
2021-09-24,28.98,29.37,29.09,28.4,30067.01,0.11,0.38,28.69,29.128,28.032,33651.03,46751.45,58387.4,1.87
2021-09-27,28.94,28.94,28.09,27.59,31933.0,-1.0,-3.44,28.658,29.012,28.102,32188.76,42904.16,54893.0,1.99
2021-09-28,27.7,27.86,26.85,26.4,39599.49,-1.24,-4.41,28.288,28.817,28.139,33236.46,41532.58,52136.93,2.47
2021-09-29,25.68,26.37,26.19,25.11,34060.59,-0.66,-2.46,27.84,28.367,28.12,33279.62,36102.6,50242.8,2.12
2021-09-30,26.02,27.24,26.98,25.5,19417.9,0.79,3.02,27.44,28.113,28.19,31015.6,32900.13,48776.04,1.21
2021-10-08,27.27,29.09,29.0,27.02,43639.19,2.02,7.49,27.422,28.056,28.352,33730.03,33690.53,49021.57,2.72
2021-10-11,28.91,29.57,28.91,28.48,27190.0,-0.09,-0.31,27.586,28.122,28.487,32781.43,32485.1,48167.06,1.69
2021-10-12,29.1,29.1,27.98,27.51,26610.43,-0.93,-3.22,27.812,28.05,28.563,30183.62,31710.04,47290.9,1.66
2021-10-13,27.98,28.04,27.14,26.75,23780.0,-0.84,-3.0,28.002,27.921,28.557,28127.5,30703.56,45228.08,1.48
2021-10-14,27.24,27.75,27.4,27.08,18548.0,0.26,0.96,28.086,27.763,28.501,27953.52,29484.56,42396.9,1.16
2021-10-15,27.26,27.4,26.76,26.7,17687.0,-0.64,-2.34,27.638,27.53,28.329,22763.09,28246.56,37499.0,1.1
2021-10-18,26.7,27.61,26.83,26.0,16692.0,0.07,0.26,27.222,27.404,28.208,20663.49,26722.46,34813.31,1.04
2021-10-19,26.95,27.2,26.91,26.45,19504.24,0.08,0.3,27.008,27.41,28.114,19242.25,24712.94,33122.76,1.22
2021-10-20,26.91,26.96,26.39,26.28,17463.0,-0.52,-1.93,26.858,27.43,27.899,17978.85,23053.18,29577.89,1.09
2021-10-21,26.4,26.66,26.33,26.16,12588.96,-0.06,-0.23,26.644,27.365,27.739,16787.04,22370.28,27635.21,0.78
2021-10-22,26.33,26.75,26.39,26.2,14967.0,0.06,0.23,26.57,27.104,27.58,16243.04,19503.06,26596.8,0.93
2021-10-25,26.25,26.25,25.99,25.75,18129.91,-0.4,-1.52,26.402,26.812,27.467,16530.62,18597.05,25541.08,1.13
2021-10-26,25.63,26.68,26.44,25.52,23980.0,0.45,1.73,26.308,26.658,27.354,17425.77,18334.01,25022.03,1.49
2021-10-27,26.3,26.3,25.75,25.26,28647.01,-0.69,-2.61,26.18,26.519,27.22,19662.58,18820.71,24762.14,1.79
2021-10-28,26.49,27.66,27.13,26.36,55368.95,1.38,5.36,26.34,26.492,27.128,28218.57,22502.81,25993.68,3.45
2021-10-29,27.42,28.66,28.25,26.7,56598.24,1.12,4.13,26.712,26.641,27.086,36544.82,26393.93,27320.25,3.53
2021-11-01,28.23,29.24,28.41,27.87,52524.73,0.16,0.57,27.196,26.799,27.102,43423.79,29977.2,28349.83,3.27
2021-11-02,28.3,29.18,28.54,27.8,44601.96,0.13,0.46,27.616,26.962,27.186,47548.18,32486.98,28599.96,2.78
2021-11-03,28.41,28.43,28.15,27.78,27592.0,-0.39,-1.37,28.096,27.138,27.284,47337.18,33499.88,28276.53,1.72
2021-11-04,28.2,29.11,28.98,27.84,39450.0,0.83,2.95,28.466,27.403,27.384,44153.39,36185.98,29278.13,2.46
2021-11-05,28.75,30.06,29.89,28.5,62811.0,0.91,3.14,28.794,27.753,27.429,45395.94,40970.38,30236.72,3.91
2021-11-08,29.9,31.39,30.94,29.68,73425.95,1.05,3.51,29.3,28.248,27.53,49576.18,46499.98,32548.52,4.58
2021-11-09,30.69,31.06,30.66,30.25,42785.49,-0.28,-0.91,29.724,28.67,27.664,49212.89,48380.53,33357.27,2.67
2021-11-10,30.32,31.3,30.72,30.26,48101.0,0.06,0.2,30.238,29.167,27.843,53314.69,50325.93,34573.32,3.0
2021-11-11,30.99,31.22,30.76,30.2,37400.49,0.04,0.13,30.594,29.53,28.011,52904.79,48529.09,35515.95,2.33
2021-11-12,30.75,30.99,30.55,30.3,31408.52,-0.21,-0.68,30.726,29.76,28.201,46624.29,46010.11,36202.02,1.96
2021-11-15,30.32,32.46,32.28,30.3,76584.0,1.73,5.66,30.994,30.147,28.473,47255.9,48416.04,39196.62,4.77
2021-11-16,32.3,36.21,34.62,32.0,145021.98,2.34,7.25,31.786,30.755,28.859,67703.2,58458.04,45472.51,9.04
2021-11-17,34.6,36.2,34.99,33.98,84547.87,0.37,1.07,32.64,31.439,29.289,74992.57,64153.63,48826.75,5.27
2021-11-18,34.97,34.98,32.77,32.76,79655.0,-2.22,-6.34,33.042,31.818,29.611,83443.47,68174.13,52180.06,4.96
2021-11-19,32.63,33.5,32.83,32.6,39283.91,0.06,0.18,33.498,32.112,29.933,85018.55,65821.42,53395.9,2.45
2021-11-22,32.7,33.33,33.01,32.5,39700.0,0.18,0.55,33.644,32.319,30.284,77641.75,62448.83,54474.41,2.47
2021-11-23,33.05,34.12,33.73,32.28,41667.01,0.72,2.18,33.466,32.626,30.648,56970.76,62336.98,55358.76,2.6
2021-11-24,33.72,33.72,33.15,32.9,28000.8,-0.58,-1.72,33.098,32.869,31.018,45661.34,60326.96,55326.45,1.74
2021-11-25,33.02,33.21,31.79,31.79,50147.0,-1.36,-4.1,32.902,32.972,31.251,39759.74,61601.61,55065.35,3.12
2021-11-26,31.8,32.24,31.16,31.05,37798.88,-0.63,-1.98,32.568,33.033,31.397,39462.74,62240.65,54125.38,2.36
2021-11-29,30.91,31.29,30.87,30.32,32995.0,-0.29,-0.93,32.14,32.892,31.52,38121.74,57881.75,53148.89,2.06
2021-11-30,30.91,32.1,31.36,30.9,48220.0,0.49,1.59,31.666,32.566,31.661,39432.34,48201.55,53329.8,3.0
2021-12-01,31.15,32.65,32.39,30.89,41027.0,1.03,3.28,31.514,32.306,31.873,42037.58,43849.46,54001.55,2.56
2021-12-02,32.72,32.72,32.4,31.18,48876.75,0.01,0.03,31.636,32.269,32.044,41783.53,40771.64,54472.88,3.05
2021-12-03,32.07,32.48,31.84,31.6,25302.0,-0.56,-1.73,31.772,32.17,32.141,39284.15,39373.44,52597.43,1.58
2021-12-06,32.3,32.3,31.3,31.22,20065.0,-0.54,-1.7,31.858,31.999,32.159,36698.15,37409.94,49929.39,1.25
2021-12-07,31.56,31.86,31.76,31.2,19350.13,0.46,1.47,31.938,31.802,32.214,30924.18,35178.26,48757.62,1.21
2021-12-08,31.51,33.43,33.26,31.41,36368.0,1.5,4.72,32.112,31.813,32.341,29992.38,36014.98,48170.97,2.27
2021-12-09,33.06,35.55,34.22,32.97,63610.0,0.96,2.89,32.476,32.056,32.514,32939.03,37361.28,49481.44,3.96
2021-12-10,34.59,34.89,33.55,33.51,38019.1,-0.67,-1.96,32.818,32.295,32.664,35482.45,37383.3,49811.97,2.37
2021-12-13,33.49,34.68,34.15,33.35,33243.0,0.6,1.79,33.388,32.623,32.758,38118.05,37408.1,47644.92,2.07
2021-12-14,33.98,36.65,36.18,33.98,81524.13,2.03,5.94,34.272,33.105,32.836,50552.85,40738.51,44470.03,5.08
2021-12-15,36.0,36.0,35.13,35.05,45944.1,-1.05,-2.9,34.646,33.379,32.843,52468.07,41230.22,42539.84,2.86
2021-12-16,35.29,35.8,35.6,34.72,34381.0,0.47,1.34,34.922,33.699,32.984,46622.27,39780.65,40276.14,2.14
2021-12-17,35.56,35.9,34.3,34.0,37281.63,-1.3,-3.65,35.072,33.945,33.058,46474.77,40978.61,40176.03,2.32
2021-12-20,34.14,34.79,32.99,32.92,31922.0,-1.31,-3.82,34.84,34.114,33.057,46210.57,42164.31,39787.13,1.99
2021-12-21,33.05,34.35,34.2,33.05,29122.0,1.21,3.67,34.444,34.358,33.08,35730.15,43141.5,39159.88,1.81
2021-12-22,34.0,35.89,35.56,33.92,46073.0,1.36,3.98,34.53,34.588,33.201,35755.93,44112.0,40063.49,2.87
2021-12-23,35.71,35.74,34.4,34.33,34783.0,-1.16,-3.26,34.29,34.606,33.331,35836.33,41229.3,39295.29,2.17
2021-12-24,34.9,35.13,34.21,33.73,32971.0,-0.19,-0.55,34.272,34.672,33.484,34974.2,40724.49,39053.89,2.05
2021-12-27,33.8,34.55,34.08,33.52,29759.26,-0.13,-0.38,34.49,34.665,33.644,34541.65,40376.11,38892.11,1.85
2021-12-28,34.09,34.3,33.77,33.52,20082.34,-0.31,-0.91,34.404,34.424,33.765,32733.72,34231.93,37485.22,1.25
2021-12-29,33.81,33.97,32.44,32.4,35653.39,-1.33,-3.94,33.78,34.155,33.767,30649.8,33202.86,37216.54,2.22
2021-12-30,32.36,34.54,32.74,32.25,42215.03,0.3,0.93,33.448,33.869,33.784,32136.2,33986.27,36883.46,2.63
2021-12-31,32.79,33.77,33.15,32.48,30646.0,0.41,1.25,33.236,33.754,33.85,31671.2,33322.7,37150.66,1.91
2022-01-04,33.17,35.66,35.25,32.8,75782.48,2.1,6.33,33.47,33.98,34.047,40875.85,37708.75,39936.53,4.72
2022-01-05,35.24,37.8,37.28,35.01,144381.94,2.03,5.76,34.172,34.288,34.323,65735.77,49234.74,46188.12,9.0
2022-01-06,39.79,42.51,39.68,38.98,175298.05,2.4,6.44,35.62,34.7,34.644,93664.7,62157.25,53134.62,10.92
2022-01-07,38.6,41.0,38.68,38.4,125331.47,-1.0,-2.52,36.808,35.128,34.867,110287.99,71212.1,56220.7,7.81
2022-01-10,38.68,40.95,39.3,36.8,91894.41,0.62,1.6,38.038,35.637,35.155,122537.67,77104.44,58914.46,5.73
2022-01-11,39.88,41.29,40.1,38.8,110140.66,0.8,2.04,39.008,36.239,35.452,129409.31,85142.58,62759.34,6.86
2022-01-12,40.0,41.76,41.22,38.6,98235.99,1.12,2.79,39.796,36.984,35.704,120180.12,92957.94,63594.94,6.12
2022-01-13,40.82,41.81,39.95,39.75,49212.0,-1.27,-3.08,39.85,37.735,35.945,94962.91,94313.8,63758.33,3.07
2022-01-14,39.63,43.9,43.32,39.08,107236.0,3.37,8.44,40.778,38.793,36.331,91343.81,100815.9,67401.08,6.68
2022-01-17,43.96,43.99,43.08,42.37,59316.62,-0.24,-0.55,41.534,39.786,36.77,84828.25,103682.96,68502.83,3.7
2022-01-18,42.82,43.11,41.07,40.2,63741.12,-2.01,-4.67,41.728,40.368,37.174,75548.35,102478.83,70093.79,3.97
2022-01-19,40.9,41.51,38.01,37.28,95157.62,-3.06,-7.45,41.086,40.441,37.365,74932.67,97556.39,73395.57,5.93
2022-01-20,37.83,38.35,36.21,35.4,85749.94,-1.8,-4.74,40.338,40.094,37.397,82240.26,88601.58,75379.42,5.34
2022-01-21,36.22,36.67,34.75,34.61,55287.0,-1.46,-4.03,38.624,39.701,37.415,71850.46,81597.14,76404.62,3.45
2022-01-24,34.35,36.17,35.76,32.0,96917.0,1.01,2.91,37.16,39.347,37.492,79370.54,82099.4,79601.92,6.04
2022-01-25,34.8,35.24,31.2,31.05,87292.94,-4.56,-12.75,35.186,38.457,37.348,84080.9,79814.62,82478.6,5.44
2022-01-26,31.22,33.57,33.52,31.22,66676.98,2.32,7.44,34.288,37.687,37.336,78384.77,76658.72,84808.33,4.15
2022-01-27,33.78,33.84,31.75,31.68,52916.37,-1.77,-5.28,33.396,36.867,37.301,71818.06,77029.16,85671.48,3.3
2022-01-28,32.28,32.54,31.17,31.11,38767.0,-0.58,-1.83,32.68,35.652,37.223,68514.06,70182.26,85499.08,2.42
2022-02-07,31.65,31.84,30.2,29.49,62250.0,-0.97,-3.11,31.568,34.364,37.075,61580.66,70475.6,87079.28,3.88
2022-02-08,30.03,31.48,31.04,29.9,37048.0,0.84,2.78,31.536,33.361,36.865,51531.67,67806.29,85142.56,2.31
2022-02-09,31.16,32.79,32.53,30.5,59291.01,1.49,4.8,31.338,32.813,36.627,50054.48,64219.62,80888.01,3.69
2022-02-10,32.48,32.7,31.9,31.63,31756.0,-0.63,-1.94,31.368,32.382,36.238,45822.4,58820.23,73710.91,1.98
2022-02-11,31.9,32.1,31.1,30.79,25308.25,-0.8,-2.51,31.354,32.017,35.859,43130.65,55822.36,68709.75,1.58
2022-02-14,30.88,31.37,30.77,30.13,19011.33,-0.33,-1.06,31.468,31.518,35.433,34482.92,48031.79,65065.59,1.18
2022-02-15,30.76,31.29,30.82,30.68,16941.33,0.05,0.16,31.424,31.48,34.969,30461.58,40996.63,60405.63,1.06
2022-02-16,31.0,31.9,31.47,30.82,20087.18,0.65,2.11,31.212,31.275,34.481,22620.82,36337.65,56498.18,1.25
2022-02-17,31.41,31.56,30.76,30.44,37074.0,-0.71,-2.26,30.984,31.176,34.022,23684.42,34753.41,55891.28,2.31
2022-02-18,30.67,30.97,30.5,30.28,33316.93,-0.26,-0.84,30.864,31.109,33.381,25286.15,34208.4,52195.33,2.08
2022-02-21,30.4,31.41,30.83,30.38,19372.93,0.33,1.08,30.876,31.172,32.768,25358.47,29920.7,50198.15,1.21
2022-02-22,30.58,30.73,30.33,29.92,26667.0,-0.5,-1.62,30.778,31.101,32.231,27303.61,28882.6,48344.44,1.66
2022-02-23,30.35,30.84,30.51,30.22,21069.0,0.18,0.59,30.586,30.899,31.856,27499.97,25060.4,44640.01,1.31
2022-02-24,30.4,30.6,29.34,28.25,48735.79,-1.17,-3.83,30.302,30.643,31.513,29832.33,26758.37,42789.3,3.04
2022-02-25,29.48,29.89,29.45,29.18,18122.0,0.11,0.38,30.092,30.478,31.248,26793.34,26039.75,40931.05,1.13
2022-02-28,29.26,29.47,29.33,28.4,24879.01,-0.12,-0.41,29.792,30.334,30.926,27894.56,26626.52,37329.15,1.55
2022-03-01,29.4,30.44,29.3,29.11,31364.31,-0.03,-0.1,29.586,30.182,30.831,28834.02,28068.82,34532.72,1.95
2022-03-02,29.17,29.65,29.33,29.03,13698.04,0.03,0.1,29.35,29.968,30.622,27359.83,27429.9,31883.77,0.85
2022-03-03,29.14,29.57,28.94,28.76,15484.15,-0.39,-1.33,29.27,29.786,30.481,20709.5,25270.92,30012.16,0.96
2022-03-04,28.86,29.18,28.77,28.5,15793.0,-0.17,-0.59,29.134,29.613,30.361,20243.7,23518.52,28863.46,0.98
2022-03-07,28.41,28.66,28.19,27.92,27251.98,-0.58,-2.02,28.906,29.349,30.261,20718.3,24306.43,27113.56,1.7
2022-03-08,28.22,28.41,27.65,26.93,28153.0,-0.54,-1.92,28.576,29.081,30.091,20076.03,24455.03,26668.81,1.75
2022-03-09,27.7,27.78,26.5,25.7,28829.0,-1.15,-4.16,28.01,28.68,29.79,23102.23,25231.03,25145.71,1.8
2022-03-10,27.13,27.8,26.61,26.55,31488.98,0.11,0.41,27.544,28.407,29.525,26303.19,23506.35,25132.36,1.96
2022-03-11,26.2,26.72,26.57,25.8,26056.5,-0.04,-0.15,27.104,28.119,29.299,28355.89,24299.8,25169.77,1.62
2022-03-14,26.49,26.49,25.64,25.63,21591.0,-0.93,-3.5,26.594,27.75,29.042,27223.7,23971.0,25298.76,1.35
2022-03-15,25.38,25.7,24.21,24.21,35346.77,-1.43,-5.58,25.906,27.241,28.712,28662.45,24369.24,26219.03,2.2
2022-03-16,24.65,25.2,24.68,23.64,27267.98,0.47,1.94,25.542,26.776,28.372,28350.25,25726.24,26578.07,1.7
2022-03-17,24.82,26.95,26.4,24.82,42526.24,1.72,6.97,25.5,26.522,28.154,30557.7,28430.45,26850.68,2.65
2022-03-18,26.42,27.78,27.51,26.1,34799.42,1.11,4.21,25.688,26.396,28.005,32306.28,30331.09,26924.81,2.17
2022-03-21,27.64,28.08,27.63,27.2,26989.0,0.12,0.44,26.086,26.34,27.845,33385.88,30304.79,27305.61,1.68
2022-03-22,27.63,28.65,28.48,27.3,32232.36,0.85,3.08,26.94,26.423,27.752,32763.0,30712.73,27583.88,2.01
2022-03-23,28.33,29.88,28.54,28.3,42440.03,0.06,0.21,27.712,26.627,27.654,35797.41,32073.83,28652.43,2.64
2022-03-24,28.73,28.88,28.69,27.75,34071.66,0.15,0.53,28.17,26.835,27.621,34106.49,32332.1,27919.22,2.12
2022-03-25,28.68,28.72,27.8,27.77,23118.0,-0.89,-3.1,28.228,26.958,27.539,31770.21,32038.25,28169.02,1.44
2022-03-28,27.9,28.53,27.98,27.55,21881.32,0.18,0.65,28.298,27.192,27.471,30748.67,32067.28,28019.14,1.36
2022-03-29,28.02,28.44,27.52,27.4,14224.48,-0.46,-1.64,28.106,27.523,27.382,27147.1,29955.05,27162.15,0.89
2022-03-30,27.6,28.0,27.64,27.4,12547.15,0.12,0.44,27.926,27.819,27.298,21168.52,28482.97,27104.6,0.78
2022-03-31,27.64,28.38,27.99,27.3,14798.62,0.35,1.27,27.786,27.978,27.25,17313.91,25710.2,27070.32,0.92
2022-04-01,28.03,30.32,30.02,27.67,65097.88,2.03,7.25,28.23,28.229,27.313,25709.89,28740.05,29535.57,4.06
2022-04-06,29.9,30.07,28.5,28.01,91981.08,-1.52,-5.06,28.334,28.316,27.328,39729.84,35239.26,32772.02,5.73
2022-04-07,28.32,28.48,27.58,27.57,30119.0,-0.92,-3.23,28.346,28.226,27.325,42908.75,35027.92,32870.32,1.88
2022-04-08,27.5,28.18,27.71,26.8,46282.14,0.13,0.47,28.36,28.143,27.385,49655.74,35412.13,33742.98,2.88
2022-04-11,27.4,28.47,27.12,27.0,28241.99,-0.59,-2.13,28.186,27.986,27.411,52344.42,34829.17,33580.63,1.76
2022-04-12,27.73,28.45,28.08,27.35,35233.36,0.96,3.54,27.798,28.014,27.486,46371.51,36040.7,34039.47,2.2
2022-04-13,28.08,28.19,26.84,26.82,28832.56,-1.24,-4.42,27.466,27.9,27.546,33741.81,36735.83,34401.55,1.8
2022-04-14,27.0,27.41,26.99,26.88,15165.0,0.15,0.56,27.348,27.847,27.685,30751.01,36829.88,33392.46,0.95
2022-04-15,26.85,26.88,25.41,25.41,23170.31,-1.58,-5.85,26.888,27.624,27.722,26128.64,37892.19,33187.58,1.44
2022-04-18,25.32,26.58,26.2,25.0,18756.5,0.79,3.11,26.704,27.445,27.712,24231.55,38287.98,31999.09,1.17
2022-04-19,26.19,26.79,26.49,25.97,14853.31,0.29,1.11,26.386,27.092,27.661,20155.54,33263.53,31001.79,0.93
2022-04-20,26.66,26.66,25.82,25.47,16942.87,-0.67,-2.53,26.182,26.824,27.57,17777.6,25759.7,30499.48,1.06
2022-04-21,25.63,25.93,24.58,24.5,18570.41,-1.24,-4.8,25.7,26.524,27.375,18458.68,24604.85,29816.38,1.16
2022-04-22,24.4,24.91,23.8,23.46,25864.32,-0.78,-3.17,25.378,26.133,27.138,18997.48,22563.06,28987.6,1.61
2022-04-25,23.34,23.6,20.8,20.79,51132.54,-3.0,-12.61,24.298,25.501,26.744,25472.69,24852.12,29840.64,3.19
2022-04-26,21.29,22.0,21.04,20.79,34518.0,0.24,1.15,23.208,24.797,26.406,29405.63,24780.58,30410.64,2.15
2022-04-27,18.99,20.29,20.13,18.31,75627.21,-0.91,-4.33,22.07,24.126,26.013,41142.5,29460.05,33097.94,4.71
2022-04-28,20.03,20.03,18.41,18.38,58839.79,-1.72,-8.54,20.836,23.268,25.558,49196.37,33827.53,35328.7,3.67
2022-04-29,18.58,20.98,20.6,18.58,63471.0,2.19,11.9,20.196,22.787,25.206,56717.71,37857.6,37874.89,3.96
2022-05-05,20.49,20.68,20.21,19.9,36932.25,-0.39,-1.89,20.078,22.188,24.817,53877.65,39675.17,38981.58,2.3
2022-05-06,19.59,20.09,19.78,19.3,23242.0,-0.43,-2.13,19.826,21.517,24.305,51622.45,40514.04,36888.78,1.45
2022-05-09,20.22,20.99,20.33,20.22,26730.0,0.55,2.78,19.866,20.968,23.896,41843.01,41492.75,33626.23,1.67
2022-05-10,20.0,20.83,20.23,19.7,23443.93,-0.1,-0.49,20.23,20.533,23.529,34763.84,41980.1,33292.47,1.46
2022-05-11,20.27,20.77,20.05,20.02,33867.01,-0.18,-0.89,20.12,20.158,23.146,28843.04,42780.37,32671.72,2.11
2022-05-12,20.0,20.52,20.18,19.91,21939.0,0.13,0.65,20.114,20.096,22.799,25844.39,39861.02,32356.57,1.37
2022-05-13,20.18,20.26,19.78,19.63,29878.73,-0.4,-1.98,20.114,19.97,22.384,27171.73,39397.09,32088.84,1.86
2022-05-16,20.02,20.25,19.39,19.3,35812.97,-0.39,-1.97,19.926,19.896,22.011,28988.33,35415.67,32437.86,2.23
2022-05-17,19.27,20.39,20.06,19.03,51311.0,0.67,3.46,19.892,20.061,21.665,34561.74,34662.79,34245.16,3.2
2022-05-18,20.15,20.55,20.02,19.76,40012.0,-0.04,-0.2,19.886,20.003,21.395,35790.74,32316.89,35087.24,2.49
2022-05-19,19.89,20.33,20.25,19.33,36038.0,0.23,1.15,19.9,20.007,21.098,38610.54,32227.46,35951.32,2.25
2022-05-20,20.6,20.65,20.42,20.07,33855.07,0.17,0.84,20.028,20.071,20.794,39405.81,33288.77,36901.41,2.11
2022-05-23,20.81,21.9,21.73,20.75,58202.06,1.31,6.42,20.496,20.211,20.59,43883.63,36435.98,38964.36,3.63
2022-05-24,21.98,22.32,20.81,20.79,54822.0,-0.92,-4.23,20.646,20.269,20.401,44585.83,39573.78,40776.94,3.42
2022-05-25,21.05,22.22,21.96,20.74,47061.54,1.15,5.53,21.034,20.46,20.309,45995.73,40893.24,41836.81,2.93
2022-05-26,22.5,23.46,23.2,21.83,63233.94,1.24,5.65,21.624,20.762,20.429,51434.92,45022.73,42441.88,3.94
2022-05-27,23.0,23.6,23.04,22.8,48251.5,-0.16,-0.69,22.148,21.088,20.529,54314.21,46860.01,43128.55,3.01
2022-05-30,23.04,23.04,22.35,22.15,34316.81,-0.69,-3.0,22.272,21.384,20.64,49537.16,46710.39,41063.03,2.14
2022-05-31,22.34,22.63,22.61,21.75,27089.31,0.26,1.16,22.632,21.639,20.85,43990.62,44288.22,39475.51,1.69
2022-06-01,22.62,22.99,22.69,22.18,35074.0,0.08,0.35,22.778,21.906,20.955,41593.11,43794.42,38055.66,2.19
2022-06-02,22.56,25.42,25.31,22.25,71037.9,2.62,11.55,23.2,22.412,21.21,43153.9,47294.41,39760.94,4.43
2022-06-06,25.4,28.33,28.22,24.71,109357.21,2.91,11.5,24.236,23.192,21.632,55375.05,54844.63,44066.7,6.81
2022-06-21,25.0,28.03,24.45,24.03,136674.56,-3.77,-13.36,24.656,23.464,21.838,75846.6,62691.88,49563.93,8.52
2022-06-22,24.03,25.85,24.6,24.03,82600.0,0.15,0.61,25.054,23.843,22.056,86948.73,65469.68,52521.73,5.15
2022-06-23,24.2,24.46,24.07,22.89,77540.8,-0.53,-2.15,25.33,24.054,22.257,95442.09,68517.6,54705.42,4.83
2022-06-24,23.99,25.2,24.66,23.55,62495.92,0.59,2.45,25.2,24.2,22.481,93733.7,68443.8,56733.27,3.89
2022-06-27,24.67,24.9,24.32,24.1,54543.9,-0.34,-1.38,24.42,24.328,22.708,82771.04,69073.04,57966.52,3.4
2022-06-28,24.55,24.6,24.08,23.61,57494.11,-0.24,-0.99,24.346,24.501,22.943,66934.95,71390.77,59050.58,3.58
2022-06-29,23.62,24.04,23.2,23.18,40339.9,-0.88,-3.65,24.066,24.56,23.1,58482.93,72715.83,58502.03,2.51
2022-06-30,23.4,23.57,23.03,23.0,38363.6,-0.17,-0.73,23.858,24.594,23.25,50647.49,73044.79,58419.61,2.39
2022-07-01,22.88,23.26,23.08,22.83,24327.48,0.05,0.22,23.542,24.371,23.392,43013.8,68373.75,57834.08,1.52
2022-07-04,23.13,23.2,22.72,22.05,33170.0,-0.36,-1.56,23.222,23.821,23.507,38739.02,60755.03,57799.83,2.07
2022-07-05,22.79,22.99,22.19,21.83,35711.0,-0.53,-2.33,22.844,23.595,23.53,34382.4,50658.67,56675.27,2.23
2022-07-06,22.28,22.28,21.7,21.52,22762.51,-0.49,-2.21,22.544,23.305,23.574,30866.92,44674.92,55072.3,1.42
2022-07-07,21.89,22.5,22.36,21.47,27487.0,0.66,3.04,22.41,23.134,23.594,28691.6,39669.54,54093.57,1.71
2022-07-08,22.12,22.77,21.81,21.8,41219.0,-0.55,-2.46,22.156,22.849,23.525,32069.9,37541.85,52992.83,2.57
2022-07-11,21.88,21.88,21.08,20.92,33545.2,-0.73,-3.35,21.828,22.525,23.427,32144.94,35441.98,52257.51,2.09
2022-07-12,21.1,21.17,20.32,20.29,28176.22,-0.76,-3.6,21.454,22.149,23.325,30637.99,32510.19,51950.48,1.76
2022-07-13,20.46,21.19,21.13,20.3,26650.0,0.82,4.04,21.34,21.942,23.251,31415.48,31141.2,51928.52,1.66
2022-07-14,21.09,21.32,20.88,20.65,26016.0,-0.25,-1.18,21.044,21.727,23.161,31121.28,29906.44,51475.62,1.62
2022-07-15,20.83,20.96,20.3,20.21,27618.9,-0.58,-2.78,20.742,21.449,22.91,28401.26,30235.58,49304.67,1.72
2022-07-18,20.21,21.1,21.07,20.21,25342.0,0.77,3.79,20.74,21.284,22.553,26760.62,29452.78,45103.91,1.58
2022-07-19,21.18,21.58,21.19,20.81,22905.9,0.12,0.57,20.914,21.184,22.39,25706.56,28172.27,39415.47,1.43
2022-07-20,21.14,21.71,21.7,21.07,24916.0,0.51,2.41,21.028,21.184,22.245,25359.76,28387.62,36531.27,1.55
2022-07-21,21.71,22.07,21.56,21.47,40746.0,-0.14,-0.65,21.164,21.104,22.119,28305.76,29713.52,34691.53,2.54
2022-07-22,21.51,21.95,21.75,21.32,43534.01,0.19,0.88,21.454,21.098,21.974,31488.78,29945.02,33743.44,2.71
2022-07-25,21.63,21.74,21.29,21.25,19192.9,-0.46,-2.12,21.498,21.119,21.822,30258.96,28509.79,31975.89,1.2
2022-07-26,21.3,21.5,21.42,21.07,15132.17,0.13,0.61,21.544,21.229,21.689,28704.22,27205.39,29857.79,0.94
2022-07-27,21.45,21.9,21.8,21.28,22079.6,0.38,1.77,21.564,21.296,21.619,28136.94,26748.35,28944.77,1.38
2022-07-28,21.9,22.05,21.45,21.44,24443.6,-0.35,-1.61,21.542,21.353,21.54,24876.46,26591.11,28248.77,1.52
2022-07-29,21.46,21.57,21.25,21.07,22449.89,-0.2,-0.93,21.442,21.448,21.449,20659.63,26074.21,28154.9,1.4
2022-08-01,21.08,21.37,21.32,20.72,15969.22,0.07,0.33,21.448,21.473,21.379,20014.9,25136.93,27294.86,1.0
2022-08-02,21.08,21.18,19.81,19.6,34754.7,-1.51,-7.08,21.126,21.335,21.26,23939.4,26321.81,27247.04,2.17
2022-08-03,19.86,20.64,19.96,19.86,31876.6,0.15,0.76,20.758,21.161,21.173,25898.8,27017.87,27702.75,1.99
2022-08-04,20.09,20.31,20.24,19.88,18061.39,0.28,1.4,20.516,21.029,21.067,24622.36,24749.41,27231.47,1.13
2022-08-05,20.25,20.56,20.5,20.18,19263.35,0.26,1.28,20.366,20.904,21.001,23985.05,22322.34,26133.68,1.2
2022-08-08,20.51,20.6,20.35,20.21,23157.0,-0.15,-0.73,20.172,20.81,20.965,25422.61,22718.75,25614.27,1.44
2022-08-09,20.43,20.47,20.26,20.06,19070.0,-0.09,-0.44,20.262,20.694,20.962,22285.67,23112.54,25158.96,1.19
2022-08-10,20.14,20.25,20.1,19.96,20088.0,-0.16,-0.79,20.29,20.524,20.91,19927.95,22913.38,24830.86,1.25
2022-08-11,20.23,21.98,21.72,20.17,69520.0,1.62,8.06,20.586,20.551,20.952,30219.67,27421.02,27006.06,4.33
2022-08-12,21.61,22.54,21.36,21.32,59021.36,-0.36,-1.66,20.758,20.562,21.005,38171.27,31078.16,28576.18,3.68
2022-08-15,21.51,21.52,20.93,20.87,33766.0,-0.43,-2.01,20.874,20.523,20.998,40293.07,32857.84,28997.38,2.1
2022-08-16,20.9,21.38,21.28,20.88,31560.0,0.35,1.67,21.078,20.67,21.003,42791.07,32538.37,29430.09,1.97
2022-08-17,21.25,22.17,21.91,21.04,49379.21,0.63,2.96,21.44,20.865,21.013,48649.31,34288.63,30653.25,3.08
2022-08-18,21.95,21.99,21.69,21.58,30241.0,-0.22,-1.0,21.434,21.01,21.02,40793.51,35506.59,30128.0,1.88
2022-08-19,21.79,23.5,22.19,21.6,89830.0,0.5,2.31,21.6,21.179,21.042,46955.24,42563.26,32442.8,5.6
2022-08-22,22.2,22.5,22.33,21.69,48120.0,0.14,0.63,21.88,21.377,21.094,49826.04,45059.56,33889.15,3.0
2022-08-23,21.99,22.33,21.62,21.55,43099.31,-0.71,-3.18,21.948,21.513,21.104,52133.9,47462.49,35287.51,2.69
2022-08-24,21.62,21.7,20.76,20.7,36988.08,-0.86,-3.98,21.718,21.579,21.052,49655.68,49152.5,36032.94,2.3
2022-08-25,20.9,21.0,20.56,20.15,23626.0,-0.2,-0.96,21.492,21.463,21.007,48332.68,44563.1,35992.06,1.47
2022-08-26,20.26,20.54,19.88,19.78,37243.0,-0.68,-3.31,21.03,21.315,20.939,37815.28,42385.26,36731.71,2.32
2022-08-29,19.66,19.78,19.64,19.06,24736.0,-0.24,-1.21,20.492,21.186,20.855,33138.48,41482.26,37170.05,1.54
2022-08-30,19.65,20.36,20.3,19.64,29316.19,0.66,3.36,20.228,21.088,20.879,30381.85,41257.88,36898.12,1.83
2022-08-31,20.1,21.1,19.6,19.54,42478.0,-0.7,-3.45,19.996,20.857,20.861,31479.84,40567.76,37428.19,2.65
2022-09-01,19.6,19.87,19.45,19.36,19579.0,-0.15,-0.77,19.774,20.633,20.822,30670.44,39501.56,37504.08,1.22
2022-09-02,19.47,19.92,19.83,19.42,16813.0,0.38,1.95,19.764,20.397,20.788,26584.44,32199.86,37381.56,1.05
2022-09-05,19.83,19.94,19.48,19.33,18445.0,-0.35,-1.76,19.732,20.112,20.745,25326.24,29232.36,37145.96,1.15
2022-09-06,19.46,19.64,19.53,19.33,14072.2,0.05,0.26,19.578,19.903,20.708,22277.44,26329.65,36896.07,0.88
2022-09-07,19.41,19.5,19.35,19.25,14236.0,-0.18,-0.92,19.528,19.762,20.671,16629.04,24054.44,36603.47,0.89
2022-09-08,19.35,19.59,19.09,19.07,15777.98,-0.26,-1.34,19.456,19.615,20.539,15868.84,23269.64,33916.37,0.98
2022-09-09,19.07,19.56,19.2,18.7,39317.52,0.11,0.58,19.33,19.547,20.431,20369.74,23477.09,32931.17,2.45
2022-09-13,19.18,20.05,19.58,19.12,25696.0,0.38,1.98,19.35,19.541,20.364,21819.94,23573.09,32527.67,1.6
2022-09-14,19.32,19.44,18.89,18.81,27458.78,-0.69,-3.52,19.222,19.4,20.244,24497.26,23387.35,32322.61,1.71
2022-09-15,19.0,19.17,18.57,18.34,20091.97,-0.32,-1.69,19.066,19.297,20.077,25668.45,21148.75,30858.25,1.25
2022-09-16,18.57,18.67,18.09,18.01,11787.0,-0.48,-2.58,18.866,19.161,19.897,24870.25,20369.55,29935.55,0.73
2022-09-19,18.27,18.66,17.59,17.53,26045.6,-0.5,-2.76,18.544,18.937,19.667,22215.87,21292.81,26746.33,1.62
2022-09-20,17.79,17.88,17.74,17.66,9967.18,0.15,0.85,18.176,18.763,19.438,19070.11,20445.02,24838.69,0.62
2022-09-21,17.62,18.18,18.05,17.26,17447.62,0.31,1.75,18.008,18.615,19.259,17067.87,20782.57,23556.11,1.09
2022-09-22,17.8,18.2,17.76,17.7,11100.02,-0.29,-1.61,17.846,18.456,19.109,15269.48,20468.97,22261.7,0.69
2022-09-23,17.9,17.97,17.26,17.2,11124.0,-0.5,-2.81,17.68,18.273,18.944,15136.88,20003.57,21636.6,0.69
2022-09-26,17.26,17.26,16.75,16.69,14114.9,-0.51,-2.96,17.512,18.028,18.788,12750.74,17483.31,20480.2,0.88
2022-09-27,16.74,17.3,17.28,16.74,14646.06,0.53,3.16,17.42,17.798,18.67,13686.52,16378.31,19975.7,0.91
2022-09-28,17.3,17.3,16.68,16.66,13649.06,-0.6,-3.47,17.146,17.577,18.489,12926.81,14997.34,19192.34,0.85
2022-09-29,16.98,16.99,16.33,16.15,17443.0,-0.35,-2.1,16.86,17.353,18.325,14195.4,14732.44,17940.59,1.09
2022-09-30,16.25,16.49,16.31,16.14,11519.27,-0.02,-0.12,16.67,17.175,18.168,14274.46,14705.67,17537.61,0.72
2022-10-10,16.4,16.48,15.89,15.83,11512.98,-0.42,-2.58,16.498,17.005,17.971,13754.07,13252.41,17272.61,0.72
2022-10-11,16.0,16.15,16.0,15.6,11230.0,0.11,0.69,16.242,16.831,17.797,13070.86,13378.69,16911.86,0.7
2022-10-12,16.06,16.3,16.29,15.73,24765.06,0.29,1.81,16.164,16.655,17.635,15294.06,14110.44,17446.5,1.54
2022-10-13,16.29,16.71,16.47,16.22,17559.0,0.18,1.1,16.192,16.526,17.491,15317.26,14756.33,17612.65,1.09
2022-10-14,16.72,16.95,16.79,16.51,15288.97,0.32,1.94,16.288,16.479,17.376,16071.2,15172.83,17588.2,0.95
2022-10-17,16.79,17.39,17.26,16.79,17359.99,0.47,2.8,16.562,16.53,17.279,17240.6,15497.34,16490.32,1.08
2022-10-18,17.3,17.44,17.14,17.07,13957.97,-0.12,-0.69,16.79,16.516,17.157,17786.2,15428.53,15903.42,0.87
2022-10-19,17.15,17.27,16.88,16.84,14102.0,-0.26,-1.52,16.908,16.536,17.057,15653.59,15473.82,15235.58,0.88
2022-10-20,16.9,17.25,17.04,16.62,17458.01,0.16,0.95,17.022,16.607,16.98,15633.39,15475.33,15103.88,1.09
2022-10-21,17.05,17.19,16.9,16.76,10960.24,-0.14,-0.82,17.044,16.666,16.921,14767.64,15419.42,15062.55,0.68
2022-10-24,17.13,17.28,16.53,16.44,18602.02,-0.37,-2.19,16.898,16.73,16.868,15016.05,16128.33,14690.37,1.16
2022-10-25,16.46,16.62,16.13,15.95,21211.04,-0.4,-2.42,16.696,16.743,16.787,16466.66,17126.43,15252.56,1.32
2022-10-26,16.23,16.96,16.77,16.23,26389.04,0.64,3.97,16.674,16.791,16.723,18924.07,17288.83,15699.63,1.64
2022-10-27,16.55,16.93,16.57,16.52,26023.0,-0.2,-1.19,16.58,16.801,16.664,20637.07,18135.23,16445.78,1.62
2022-10-28,16.47,16.84,15.67,15.59,27360.37,-0.9,-5.43,16.334,16.689,16.584,23917.09,19342.37,17257.6,1.7
2022-10-31,15.62,16.18,15.74,15.61,30038.9,0.07,0.45,16.176,16.537,16.534,26204.47,20610.26,18053.8,1.87
2022-11-01,15.66,16.35,16.33,15.63,36646.95,0.59,3.75,16.216,16.456,16.486,29291.65,22879.16,19153.84,2.28
2022-11-02,16.6,16.99,16.83,16.49,29132.0,0.5,3.06,16.228,16.451,16.494,29840.24,24382.16,19927.99,1.82
2022-11-03,16.7,16.95,16.84,16.53,22023.59,0.01,0.06,16.282,16.431,16.519,29040.36,24838.72,20157.02,1.37
2022-11-04,16.95,17.26,17.09,16.69,28329.04,0.25,1.49,16.566,16.45,16.558,29234.1,26575.6,20997.51,1.77
2022-11-07,17.1,17.68,17.48,16.93,35484.0,0.39,2.28,16.914,16.545,16.638,30323.12,28263.79,22196.06,2.21
2022-11-08,17.44,17.5,17.35,17.2,23840.0,-0.13,-0.74,17.118,16.667,16.705,27761.73,28526.69,22826.56,1.49
2022-11-09,17.36,17.5,17.22,17.2,16853.0,-0.13,-0.75,17.196,16.712,16.752,25305.93,27573.09,22430.96,1.05
2022-11-10,17.34,17.79,17.59,17.18,31166.08,0.37,2.15,17.346,16.814,16.808,27134.42,28087.39,23111.31,1.94
2022-11-11,17.85,17.96,17.4,17.35,33493.71,-0.19,-1.08,17.408,16.987,16.838,28167.36,28700.73,24021.55,2.09
2022-11-14,17.4,17.71,17.49,17.3,21958.0,0.09,0.52,17.41,17.162,16.85,25462.16,27892.64,24251.45,1.37
2022-11-15,17.49,17.8,17.78,17.36,18820.0,0.29,1.66,17.496,17.307,16.882,24458.16,26109.94,24494.55,1.17
2022-11-16,17.98,19.29,18.75,17.76,83229.99,0.97,5.46,17.802,17.499,16.975,37733.56,31519.74,27950.95,5.19
2022-11-17,18.8,19.38,18.5,18.23,68668.27,-0.25,-1.33,17.984,17.665,17.048,45233.99,36184.21,30511.46,4.28
2022-11-18,18.6,18.86,18.29,18.07,43502.0,-0.21,-1.14,18.162,17.785,17.118,47235.65,37701.51,32138.55,2.71
2022-11-21,18.28,18.28,17.6,17.49,41550.0,-0.69,-3.77,18.184,17.797,17.171,51154.05,38308.11,33285.95,2.59
2022-11-22,17.64,17.68,17.29,17.21,29308.96,-0.31,-1.76,18.086,17.791,17.229,53251.84,38855.0,33690.85,1.83
2022-11-23,17.32,17.33,16.88,16.6,29193.0,-0.41,-2.37,17.712,17.757,17.235,42444.45,40089.0,33831.04,1.82
2022-11-24,16.99,17.39,16.91,16.78,28107.39,0.03,0.18,17.394,17.689,17.252,34332.27,39783.13,33935.26,1.75
2022-11-25,16.99,17.0,16.69,16.65,16718.0,-0.22,-1.3,17.074,17.618,17.303,28975.47,38105.56,33403.14,1.04
2022-11-28,16.61,16.85,16.85,16.35,19279.0,0.16,0.96,16.924,17.554,17.358,24521.27,37837.66,32865.15,1.2
2022-11-29,16.71,17.25,17.19,16.71,19312.95,0.34,2.02,16.904,17.495,17.401,22522.07,37886.96,31998.45,1.2
2022-11-30,17.19,17.3,16.98,16.92,17578.0,-0.21,-1.22,16.924,17.318,17.409,20199.07,31321.76,31420.75,1.1
2022-12-01,17.1,17.25,17.06,17.03,20456.0,0.08,0.47,16.954,17.174,17.42,18668.79,26500.53,31342.37,1.27
2022-12-02,17.16,17.43,17.29,17.02,20600.78,0.23,1.35,17.074,17.074,17.43,19445.35,24210.41,30955.96,1.28
2022-12-05,17.38,17.51,17.39,17.22,19564.0,0.1,0.58,17.182,17.053,17.425,19502.35,22011.81,30159.96,1.22
2022-12-06,17.39,17.44,17.21,17.18,22151.0,-0.18,-1.03,17.186,17.045,17.418,20069.96,21296.01,30075.51,1.38
2022-12-07,17.2,17.36,17.26,17.06,15223.0,0.05,0.29,17.242,17.083,17.42,19598.96,19899.01,29994.01,0.95
2022-12-08,17.2,17.29,17.04,16.9,18160.0,-0.22,-1.27,17.238,17.096,17.393,19139.76,18904.27,29343.7,1.13
2022-12-09,17.15,17.47,17.06,17.01,21720.0,0.02,0.12,17.192,17.133,17.376,19363.6,19404.47,28755.02,1.35
2022-12-12,17.0,17.1,16.88,16.88,18808.0,-0.18,-1.05,17.09,17.136,17.345,19212.4,19357.37,28597.52,1.17
2022-12-13,16.88,17.05,16.87,16.81,13004.08,-0.01,-0.06,17.022,17.104,17.3,17383.02,18726.49,28306.72,0.81
2022-12-14,16.93,18.12,17.73,16.75,62249.99,0.86,5.1,17.116,17.179,17.249,26788.41,23193.69,27257.72,3.88
2022-12-15,17.56,17.9,17.59,17.5,29021.03,-0.14,-0.79,17.226,17.232,17.203,28960.62,24050.19,25275.36,1.81
2022-12-16,17.59,17.68,17.34,17.18,23369.0,-0.25,-1.42,17.282,17.237,17.156,29290.42,24327.01,24268.71,1.46
2022-12-19,17.28,17.39,16.43,16.36,29401.0,-0.91,-5.25,17.192,17.141,17.097,31409.02,25310.71,23661.26,1.83
2022-12-20,16.37,16.48,16.22,16.08,14605.0,-0.21,-1.28,17.062,17.042,17.044,31729.2,24556.11,22926.06,0.91
2022-12-21,16.08,16.34,15.87,15.78,19072.0,-0.35,-2.16,16.69,16.903,16.993,23093.61,24941.01,22420.01,1.19
2022-12-22,15.92,16.13,15.72,15.68,15902.0,-0.15,-0.94,16.316,16.771,16.934,20469.8,24715.21,21809.74,0.99
2022-12-23,15.58,16.49,16.33,15.55,28747.0,0.61,3.88,16.114,16.698,16.916,21545.4,25417.91,22411.19,1.79
2022-12-26,16.31,16.36,16.04,15.92,20945.79,-0.29,-1.78,16.036,16.614,16.875,19854.36,25631.69,22494.53,1.31
2022-12-27,16.05,16.15,16.12,15.82,15973.0,0.08,0.5,16.016,16.539,16.822,20127.96,25928.58,22327.53,1.0
2022-12-28,16.07,16.11,15.74,15.63,21632.01,-0.38,-2.36,15.99,16.34,16.76,20639.96,21866.78,22530.23,1.35
2022-12-29,15.74,16.55,15.83,15.73,35169.01,0.09,0.57,16.012,16.164,16.698,24493.36,22481.58,23265.88,2.19
2022-12-30,15.98,16.5,16.36,15.86,36898.77,0.53,3.35,16.018,16.066,16.652,26123.72,23834.56,24080.78,2.3
2023-01-03,16.33,16.79,16.71,16.21,30519.0,0.35,2.14,16.152,16.094,16.618,28038.36,23946.36,24628.53,1.9
2023-01-04,16.78,16.88,16.72,16.56,20188.0,0.01,0.06,16.272,16.144,16.593,28881.36,24504.66,24530.38,1.26
2023-01-05,16.72,16.95,16.84,16.64,21923.0,0.12,0.72,16.492,16.241,16.572,28939.56,24789.76,24865.38,1.37
2023-01-06,16.82,16.83,16.47,16.41,20160.0,-0.37,-2.2,16.62,16.316,16.544,25937.75,25215.56,24965.38,1.26
2023-01-09,16.55,16.63,16.48,16.42,10355.0,0.01,0.06,16.644,16.331,16.515,20629.0,23376.36,24397.13,0.65
2023-01-10,16.49,16.66,16.54,16.27,15222.0,0.06,0.36,16.61,16.381,16.498,17569.6,22803.98,24217.83,0.95
2023-01-11,16.54,16.65,16.25,16.2,15573.02,-0.29,-1.75,16.516,16.394,16.467,16646.6,22763.98,24346.28,0.97
2023-01-12,16.21,16.54,16.33,16.15,14765.0,0.08,0.49,16.414,16.453,16.397,15215.0,22077.28,21972.03,0.92
2023-01-13,16.33,16.65,16.47,16.24,12327.0,0.14,0.86,16.414,16.517,16.341,13648.4,19793.08,21137.33,0.77
2023-01-16,16.4,16.67,16.56,16.38,16595.0,0.09,0.55,16.43,16.537,16.302,14896.4,17762.7,20798.63,1.03
2023-01-17,16.61,16.63,16.27,16.21,18451.0,-0.29,-1.75,16.376,16.493,16.294,15542.2,16555.9,20251.13,1.15
2023-01-18,16.33,16.58,16.53,16.32,17429.99,0.26,1.6,16.432,16.474,16.309,15913.6,16280.1,20392.38,1.09
2023-01-19,16.55,16.84,16.78,16.45,17643.2,0.25,1.51,16.522,16.468,16.355,16489.24,15852.12,20320.94,1.1
2023-01-20,16.88,16.89,16.85,16.68,15824.0,0.07,0.42,16.598,16.506,16.411,17188.64,15418.52,20317.04,0.99
2023-01-30,16.98,17.47,17.16,16.98,27845.0,0.31,1.84,16.718,16.574,16.453,19438.64,17167.52,20271.94,1.74
2023-01-31,17.26,17.49,17.41,17.05,21190.0,0.25,1.46,16.946,16.661,16.521,19986.44,17764.32,20284.15,1.32
2023-02-01,17.42,17.76,17.69,17.4,22060.0,0.28,1.61,17.178,16.805,16.6,20912.44,18413.02,20588.5,1.37
2023-02-02,17.69,18.18,17.83,17.65,28662.0,0.14,0.79,17.388,16.955,16.704,23116.2,19802.72,20940.0,1.79
2023-02-03,17.83,18.04,17.89,17.6,22474.0,0.06,0.34,17.596,17.097,16.807,24446.2,20817.42,20305.25,1.4
2023-02-06,18.03,18.04,17.93,17.7,19177.0,0.04,0.22,17.75,17.234,16.886,22712.6,21075.62,19419.16,1.2
2023-02-07,17.87,19.36,18.93,17.83,79749.81,1.0,5.58,18.054,17.5,16.997,34424.56,27205.5,21880.7,4.97
2023-02-08,18.93,19.0,18.3,18.22,50623.99,-0.63,-3.33,18.176,17.677,17.076,40137.36,30524.9,23402.5,3.15
2023-02-09,18.15,18.57,18.5,18.04,33524.99,0.2,1.09,18.31,17.849,17.159,41109.96,32113.08,23982.6,2.09
2023-02-10,18.45,19.55,18.88,18.45,72158.97,0.38,2.05,18.508,18.052,17.279,51046.95,37746.58,26582.55,4.5
2023-02-13,18.97,19.16,18.84,18.68,35792.0,-0.04,-0.21,18.69,18.22,17.397,54369.95,38541.28,27854.4,2.23
2023-02-14,18.84,18.96,18.58,18.5,28159.91,-0.26,-1.38,18.62,18.337,17.499,44051.97,39238.27,28501.29,1.75
2023-02-15,18.65,19.04,18.88,18.53,33796.0,0.3,1.61,18.736,18.456,17.631,40686.37,40411.87,29412.44,2.11
2023-02-16,19.0,19.17,18.49,18.31,43149.64,-0.39,-2.07,18.734,18.522,17.739,42611.3,41860.63,30831.68,2.69
2023-02-17,18.5,18.74,18.15,18.08,33403.32,-0.34,-1.84,18.588,18.548,17.823,34860.17,42953.56,31885.49,2.08
2023-02-20,18.09,18.81,18.53,18.09,24028.98,0.38,2.09,18.526,18.608,17.921,32507.57,43438.76,32257.19,1.5
2023-02-21,18.52,18.69,18.31,18.17,26558.01,-0.22,-1.19,18.472,18.546,18.023,32187.19,38119.58,32662.54,1.65
2023-02-22,18.13,18.29,18.19,18.06,17775.0,-0.12,-0.66,18.334,18.535,18.106,28982.99,34834.68,32679.79,1.11
2023-02-23,18.1,18.3,17.89,17.82,27256.0,-0.3,-1.65,18.214,18.474,18.162,25804.26,34207.78,33160.43,1.7
2023-02-24,17.96,18.15,18.03,17.82,13798.0,0.14,0.78,18.19,18.389,18.221,21883.2,28371.69,33059.13,0.86
2023-02-27,17.84,18.09,17.57,17.49,21780.0,-0.46,-2.55,17.998,18.262,18.241,21433.4,26970.49,32755.88,1.36
2023-02-28,17.69,17.98,17.86,17.6,15845.0,0.29,1.65,17.908,18.19,18.264,19290.8,25739.0,32488.63,0.99
2023-03-01,18.0,19.5,19.2,17.88,83978.93,1.34,7.5,18.11,18.222,18.339,32531.59,30757.29,35584.58,5.23
2023-03-02,19.01,19.58,19.22,19.01,54495.6,0.02,0.1,18.376,18.295,18.409,37979.51,31891.88,36876.26,3.4
2023-03-03,19.28,19.36,19.15,18.88,30245.0,-0.07,-0.36,18.6,18.395,18.472,41268.91,31576.05,37264.81,1.88
2023-03-06,19.05,19.2,18.84,18.73,23289.0,-0.31,-1.62,18.854,18.426,18.517,41570.71,31502.05,37470.41,1.45
2023-03-07,18.86,18.96,18.4,18.39,25396.0,-0.44,-2.33,18.962,18.435,18.491,43480.91,31385.85,34752.72,1.58
2023-03-08,18.49,18.72,18.72,18.23,15975.59,0.32,1.74,18.866,18.488,18.512,29880.24,31205.91,33020.3,1.0
2023-03-09,18.72,19.18,19.1,18.45,28516.0,0.38,2.03,18.842,18.609,18.542,24684.32,31331.91,32769.85,1.78
2023-03-10,18.95,19.25,18.96,18.83,29271.0,-0.14,-0.73,18.804,18.702,18.546,24489.52,32879.21,30625.45,1.82
2023-03-13,18.81,19.16,18.8,18.62,29365.09,-0.16,-0.84,18.796,18.825,18.544,25704.74,33637.72,30304.1,1.83
2023-03-14,18.77,18.95,18.68,18.31,27741.0,-0.12,-0.64,18.852,18.907,18.549,26173.74,34827.32,30283.16,1.73
2023-03-15,18.7,18.9,18.69,18.51,20967.0,0.01,0.05,18.846,18.856,18.539,27172.02,28526.13,29641.71,1.31
2023-03-16,18.6,18.7,18.52,18.32,21023.0,-0.17,-0.91,18.73,18.786,18.541,25673.42,25178.87,28535.38,1.31
2023-03-17,18.54,21.88,21.33,18.54,215152.16,2.81,15.17,19.204,19.004,18.7,62849.65,43669.58,37622.82,13.41
2023-03-20,21.99,23.54,21.73,21.56,197319.8,0.4,1.88,19.79,19.293,18.86,96440.59,61072.66,46287.36,12.3
2023-03-21,21.77,23.15,22.59,21.32,134343.0,0.86,3.96,20.572,19.712,19.074,117760.99,71967.36,51676.61,8.37
2023-03-22,23.0,23.48,22.94,22.32,102287.86,0.35,1.55,21.422,20.134,19.311,134025.16,80598.59,55902.25,6.37
2023-03-23,22.66,22.84,22.22,21.91,102669.62,-0.72,-3.14,22.162,20.446,19.528,150354.49,88013.95,59672.93,6.4
2023-03-24,21.79,23.49,23.19,21.6,116302.16,0.97,4.37,22.534,20.869,19.786,130584.49,96717.07,64798.14,7.25
2023-03-27,23.15,23.79,23.4,22.5,90403.41,0.21,0.91,22.868,21.329,20.077,109201.21,102820.9,68229.31,5.63
2023-03-28,23.3,24.69,23.81,22.81,103602.54,0.41,1.75,23.112,21.842,20.375,103053.12,110407.06,72617.19,6.46
2023-03-29,23.54,23.76,23.44,22.93,69349.02,-0.37,-1.55,23.212,22.317,20.587,96465.35,115245.26,71885.69,4.32
2023-03-30,23.44,23.44,22.3,22.25,73082.4,-1.14,-4.86,23.228,22.695,20.741,90547.91,120451.2,72815.03,4.55
2023-03-31,22.49,22.95,22.77,21.9,55030.91,0.47,2.11,23.144,22.839,20.922,78293.66,104439.07,74054.33,3.43
2023-04-03,22.62,23.3,22.82,22.27,48220.0,0.05,0.22,23.028,22.948,21.121,69856.97,89529.09,75300.88,3.0
2023-04-04,23.0,25.5,24.32,22.48,136183.0,1.5,6.57,23.13,23.121,21.417,76373.07,89713.09,80840.23,8.49
2023-04-06,24.68,25.25,22.74,22.39,144786.0,-1.58,-6.5,22.99,23.101,21.618,91460.46,93962.91,87280.75,9.02
2023-04-07,23.03,24.22,23.58,22.36,100291.02,0.84,3.69,23.246,23.237,21.842,96902.19,93725.05,90869.5,6.25
2023-04-10,23.6,24.45,22.77,22.74,69906.02,-0.81,-3.44,23.246,23.195,22.032,99877.21,89085.43,92901.25,4.36
2023-04-11,22.78,23.68,23.17,22.53,55454.93,0.4,1.76,23.316,23.172,22.251,101324.19,85590.58,94205.74,3.46
2023-04-12,23.15,26.94,26.28,22.66,189151.36,3.11,13.42,23.708,23.419,22.631,111917.87,94145.47,102276.26,11.79
2023-04-13,26.31,28.13,25.35,24.99,199633.22,-0.93,-3.54,24.23,23.61,22.964,122887.31,107173.89,111209.57,12.44
2023-04-14,24.83,25.41,24.5,23.77,86172.94,-0.85,-3.35,24.414,23.83,23.263,120063.69,108482.94,114467.07,5.37
2023-04-17,24.49,25.38,23.9,23.78,84373.0,-0.6,-2.45,24.64,23.943,23.391,122957.09,111417.15,107928.11,5.26
2023-04-18,23.9,23.91,23.11,22.22,66888.0,-0.79,-3.31,24.628,23.972,23.46,125243.7,113283.95,101406.52,4.17
2023-04-19,22.87,24.1,23.4,22.86,67007.96,0.29,1.25,24.052,23.88,23.501,100815.02,106366.45,98039.77,4.18
2023-04-20,23.11,24.87,24.5,23.11,72867.03,1.1,4.7,23.882,24.056,23.579,75461.79,99174.55,96568.73,4.54
2023-04-21,24.4,24.4,23.2,23.2,56739.11,-1.3,-5.31,23.622,24.018,23.628,69575.02,94819.36,94272.2,3.54
2023-04-24,23.29,26.41,25.4,23.2,132111.47,2.2,9.48,23.922,24.281,23.738,79122.71,101039.9,95062.67,8.23
2023-04-25,25.16,27.5,27.1,25.16,154974.06,1.7,6.69,24.72,24.674,23.923,96739.93,110991.82,98291.2,9.66
2023-04-26,25.45,27.5,25.64,25.05,147198.09,-1.46,-5.39,25.168,24.61,24.015,112777.95,106796.49,100470.98,9.17
2023-04-27,25.49,26.0,23.4,22.83,136648.0,-2.24,-8.74,24.948,24.415,24.013,125534.15,100497.97,103835.93,8.52
2023-04-28,23.3,28.08,28.08,23.3,168374.09,4.68,20.0,25.924,24.773,24.302,147861.14,108718.08,108600.51,10.49
2023-05-04,28.86,29.5,29.37,27.09,233515.59,1.29,4.59,26.718,25.32,24.632,168141.97,123632.34,117524.74,14.55
2023-05-05,28.55,28.55,27.28,26.44,165784.84,-2.09,-7.12,26.754,25.737,24.855,170304.12,133522.02,123402.99,10.33
2023-05-08,27.04,27.86,27.74,25.58,147269.66,0.46,1.69,27.174,26.171,25.026,170318.44,141548.19,123957.32,9.18
2023-05-09,27.0,27.63,26.24,25.97,94871.36,-1.5,-5.41,27.742,26.345,25.201,161963.11,143748.63,121461.59,5.91
2023-05-10,25.85,27.16,27.09,25.51,102913.89,0.85,3.24,27.544,26.734,25.376,148871.07,148366.11,121592.73,6.41
2023-05-11,26.8,29.81,28.9,26.62,183684.8,1.81,6.68,27.45,27.084,25.683,138904.91,153523.44,127281.67,11.45
2023-05-12,28.92,29.34,28.6,28.06,111415.51,-0.3,-1.04,27.714,27.234,25.954,128031.04,149167.58,130079.7,6.94
2023-05-15,28.41,31.32,31.22,28.13,157329.59,2.62,9.16,28.41,27.792,26.201,130043.03,150180.73,128488.61,9.8
2023-05-16,30.91,35.99,32.92,30.78,233573.95,1.7,5.45,29.746,28.744,26.58,157783.55,159873.33,130185.65,14.56
2023-05-17,32.89,34.55,32.79,31.5,173912.2,-0.13,-0.4,30.886,29.215,26.994,171983.21,160427.14,134572.61,10.84
2023-05-18,32.49,33.5,32.49,31.95,121200.33,-0.3,-0.92,31.604,29.527,27.424,159486.32,149195.61,136413.98,7.55
2023-05-19,31.61,37.05,36.52,31.61,200769.7,4.03,12.4,33.188,30.451,28.094,177357.15,152694.1,143108.06,12.51
2023-05-22,37.5,39.97,38.3,37.4,173381.56,1.78,4.87,34.604,31.507,28.839,180567.55,155305.29,148426.74,10.8
2023-05-23,39.09,41.13,39.01,37.86,141784.0,0.71,1.85,35.822,32.784,29.565,162209.56,159996.55,151872.59,8.84
2023-05-24,38.03,38.46,38.4,34.8,197669.59,-0.61,-1.56,36.944,33.915,30.325,166961.04,169472.12,158919.11,12.32
2023-05-25,37.26,38.28,36.58,35.5,106944.71,-1.82,-4.74,37.762,34.683,30.884,164109.91,161798.11,157660.78,6.66
2023-05-26,36.05,43.69,43.19,36.05,185184.72,6.61,18.07,39.096,36.142,31.688,160992.92,169175.04,159171.31,11.54
2023-05-29,42.01,45.96,42.03,41.49,201675.66,-1.16,-2.69,39.842,37.223,32.508,166651.74,173609.64,161895.19,12.57
2023-05-30,42.21,44.8,43.5,40.91,125936.21,1.47,3.5,40.74,38.281,33.513,163482.18,162845.87,161359.6,7.85
2023-05-31,43.53,48.8,47.34,42.9,195868.77,3.84,8.83,42.528,39.736,34.476,163122.01,165041.53,162734.33,12.21
2023-06-01,46.55,48.95,46.78,45.8,146242.59,-0.56,-1.18,44.568,41.165,35.346,170981.59,167545.75,158370.68,9.11
2023-06-02,46.84,47.88,47.66,45.18,96860.8,0.88,1.88,45.462,42.279,36.365,153316.81,157154.86,154924.48,6.04
2023-06-05,47.66,51.66,50.6,46.6,140503.94,2.94,6.17,47.176,43.509,37.508,141082.46,153867.1,154586.19,8.76
2023-06-06,51.36,53.2,49.44,48.75,124641.31,-1.16,-2.29,48.364,44.552,38.668,140823.48,152152.83,156074.69,7.77
2023-06-07,49.91,50.89,50.3,47.6,85484.0,0.86,1.74,48.956,45.742,39.829,118746.53,140934.27,155203.2,5.33
2023-06-08,49.5,50.73,48.55,47.1,70382.01,-1.75,-3.48,49.31,46.939,40.811,103574.41,137278.0,149538.06,4.39
2023-06-09,48.58,50.1,49.24,44.44,156768.0,0.69,1.42,49.626,47.544,41.843,115555.85,134436.33,151805.68,9.77
2023-06-12,48.7,51.66,49.86,48.7,116082.45,0.62,1.26,49.478,48.327,42.775,110671.55,125877.01,149743.33,7.23
2023-06-13,49.61,57.75,54.01,49.41,167793.09,4.15,8.32,50.392,49.378,43.83,119301.91,130062.7,146454.28,10.46
2023-06-14,56.12,59.11,59.06,54.42,148240.75,5.05,9.35,52.144,50.55,45.143,131853.26,125299.89,145170.71,9.24
2023-06-15,61.12,63.66,56.49,56.0,223879.77,-2.57,-4.35,53.732,51.521,46.343,162552.81,133063.61,150304.68,13.95
2023-06-16,58.01,60.15,57.7,54.66,150369.02,1.21,2.14,55.424,52.525,47.402,161273.02,138414.43,147784.65,9.37
2023-06-19,59.01,60.87,55.08,54.98,197359.23,-2.62,-4.54,56.468,52.973,48.241,177528.37,144099.96,148983.53,12.3
2023-06-20,55.0,59.58,58.45,54.28,250325.5,3.37,6.12,57.356,53.874,49.213,194034.85,156668.38,154410.61,15.6
2023-06-21,58.5,59.54,55.18,55.17,126541.0,-3.27,-5.59,56.58,54.362,50.052,189694.9,160774.08,150854.18,7.89
2023-06-26,54.5,54.69,44.15,44.14,272793.03,-11.03,-19.99,54.112,53.922,50.431,199477.56,181015.18,159146.59,17.0
2023-06-27,45.0,46.45,45.46,42.49,182377.23,1.31,2.97,51.664,53.544,50.544,205879.2,183576.11,159006.22,11.36
2023-06-28,44.45,46.72,44.53,43.13,136031.0,-0.93,-2.05,49.554,53.011,50.669,193613.55,185570.96,155723.99,8.48
2023-06-29,44.17,48.98,47.76,44.17,131593.36,3.23,7.25,47.416,52.386,50.882,169867.12,181950.99,156006.84,8.2
2023-06-30,47.23,49.8,47.77,46.08,115014.02,0.01,0.02,45.934,51.257,50.904,167561.73,178628.32,151964.11,7.17
2023-07-03,47.05,47.35,41.7,39.7,201441.92,-6.07,-12.71,45.444,49.778,50.65,153291.51,176384.53,154724.07,12.55
2023-07-04,41.71,42.65,41.98,41.05,122694.72,0.28,0.67,44.748,48.206,50.366,141355.0,173617.1,156015.77,7.65
2023-07-05,41.99,44.3,42.55,41.61,102310.0,0.57,1.36,44.352,46.953,49.963,134610.8,164112.18,154106.07,6.38
2023-07-06,42.73,44.0,41.94,41.8,72636.0,-0.61,-1.43,43.188,45.302,49.588,122819.33,146343.23,151505.81,4.53
2023-07-07,42.13,44.2,42.78,40.4,93985.46,0.84,2.0,42.19,44.062,49.212,118613.62,143087.67,151930.88,5.86
2023-07-10,43.0,43.1,42.56,40.58,78846.0,-0.22,-0.51,42.362,43.903,48.913,94094.44,123692.97,152354.08,4.91
2023-07-11,42.55,43.3,41.19,40.8,88710.0,-1.37,-3.22,42.204,43.476,48.51,87297.49,114326.25,148951.18,5.53
2023-07-12,41.0,41.21,39.6,39.16,86018.21,-1.59,-3.86,41.614,42.983,47.997,84039.13,109324.97,147447.97,5.36
2023-07-13,39.64,40.89,40.11,38.68,86134.01,0.51,1.29,41.248,42.218,47.302,86738.74,104779.03,143365.01,5.37
2023-07-14,40.5,44.5,42.66,40.24,123095.01,2.56,6.38,41.224,41.707,46.482,92560.65,105587.13,142107.72,7.67
2023-07-17,43.01,43.5,41.35,40.94,79072.0,-1.31,-3.07,40.982,41.672,45.725,92605.85,93350.14,134867.34,4.93
2023-07-18,41.11,42.87,41.05,40.95,55880.46,-0.3,-0.73,40.954,41.579,44.893,86039.94,86668.72,130142.91,3.48
2023-07-19,40.65,43.0,40.84,40.55,64394.8,-0.21,-0.51,41.202,41.408,44.181,81715.26,82877.2,123494.69,4.01
2023-07-20,39.67,41.18,38.24,38.01,109702.25,-2.6,-6.37,40.828,41.038,43.17,86428.9,86583.82,116463.52,6.84
2023-07-21,38.28,39.18,37.95,37.84,69062.27,-0.29,-0.76,39.886,40.555,42.309,75622.36,84091.5,113589.59,4.3
2023-07-24,38.05,38.58,37.6,37.2,51743.0,-0.35,-0.92,39.136,40.059,41.981,70156.56,81381.2,102537.09,3.22
2023-07-25,38.3,38.88,37.8,36.66,62118.0,0.2,0.53,38.486,39.72,41.598,71404.06,78722.0,96524.12,3.87
2023-07-26,37.8,37.84,35.95,35.62,64525.75,-1.85,-4.89,37.508,39.355,41.169,71430.25,76572.76,92948.86,4.02
2023-07-27,35.86,36.79,35.59,35.46,40108.0,-0.36,-1.0,36.978,38.903,40.561,57511.4,71970.15,88374.59,2.5
2023-07-28,35.25,35.85,34.8,34.5,52999.0,-0.79,-2.22,36.348,38.117,39.912,54298.75,64960.55,85273.84,3.3
2023-07-31,34.73,36.91,35.33,34.25,79817.0,0.53,1.52,35.894,37.515,39.594,59913.55,65035.05,79192.6,4.97
2023-08-01,35.35,35.98,34.87,34.6,41418.0,-0.46,-1.3,35.308,36.897,39.238,55773.55,63588.81,75128.76,2.58
2023-08-02,35.03,35.28,34.9,34.38,39216.0,0.03,0.09,35.098,36.303,38.856,50711.6,61070.93,71974.06,2.44
2023-08-03,34.81,35.46,34.4,34.15,47366.0,-0.5,-1.43,34.86,35.919,38.479,52163.2,54837.3,70710.56,2.95
2023-08-04,34.49,36.1,35.46,34.3,62760.0,1.06,3.08,34.992,35.67,38.113,54115.4,54207.08,69149.29,3.91
2023-08-07,35.46,38.29,36.46,35.11,130793.0,1.0,2.82,35.218,35.556,37.808,64310.6,62112.08,71746.64,8.15
2023-08-08,36.5,37.37,35.89,35.73,70408.0,-0.57,-1.56,35.422,35.365,37.543,70108.6,62941.08,70831.54,4.39
2023-08-09,35.69,36.24,34.89,34.65,52763.0,-1.0,-2.79,35.42,35.259,37.307,72818.0,61764.8,69168.78,3.29
2023-08-10,35.09,35.74,34.62,34.51,39347.0,-0.27,-0.77,35.464,35.162,37.033,71214.2,61688.7,66829.43,2.45
2023-08-11,34.61,35.49,33.85,33.76,44388.0,-0.77,-2.22,35.142,35.067,36.592,67539.8,60827.6,62894.08,2.77
2023-08-14,34.13,35.3,35.3,33.73,60495.0,1.45,4.28,34.91,35.064,36.29,53480.2,58895.4,61965.23,3.77
2023-08-15,35.48,35.69,34.18,33.85,47229.0,-1.12,-3.17,34.568,34.995,35.946,48844.4,59476.5,61532.65,2.94
2023-08-16,34.0,34.27,33.32,33.0,59272.89,-0.86,-2.52,34.254,34.837,35.57,50146.38,61482.19,61276.56,3.69
2023-08-17,33.05,34.06,33.81,32.95,57000.0,0.49,1.47,34.092,34.778,35.349,53676.98,62445.59,58641.45,3.55
2023-08-18,33.1,33.79,32.08,31.81,72946.0,-1.73,-5.12,33.738,34.44,35.055,59388.58,63464.19,58835.63,4.55
2023-08-21,32.09,32.98,31.87,31.78,55755.0,-0.21,-0.66,33.052,33.981,34.769,58440.58,55960.39,59036.23,3.47
2023-08-22,31.95,33.08,32.9,31.8,45892.01,1.03,3.23,32.796,33.682,34.524,58173.18,53508.79,58224.93,2.86
2023-08-23,33.22,33.34,32.13,32.0,49255.0,-0.77,-2.34,32.558,33.406,34.333,56169.6,53157.99,57461.4,3.07
2023-08-24,32.35,34.37,33.25,32.3,83798.0,1.12,3.49,32.446,33.269,34.216,61529.2,57603.09,59645.9,5.22
2023-08-25,33.37,33.37,31.78,31.5,54453.0,-1.47,-4.42,32.386,33.062,34.065,57830.6,58609.59,59718.6,3.39
2023-08-28,34.05,34.21,31.98,31.94,61917.0,0.2,0.63,32.408,32.73,33.897,59063.0,58751.79,58823.6,3.86
2023-08-29,32.31,36.28,35.7,32.16,143152.98,3.72,11.63,32.968,32.882,33.939,78515.2,68344.19,63910.34,8.92
2023-08-30,36.97,39.27,39.27,36.13,238724.09,3.57,10.0,34.396,33.477,34.157,116409.01,86289.31,73885.75,14.88
2023-08-31,38.4,41.79,40.3,37.88,259116.52,1.03,2.62,35.806,34.126,34.452,151472.72,106500.96,84473.27,16.15
2023-09-01,40.63,40.91,38.93,37.73,163805.7,-1.37,-3.4,37.236,34.811,34.626,173343.26,115586.93,89525.56,10.21
2023-09-04,39.67,39.75,38.6,38.22,98131.23,-0.33,-0.85,38.56,35.484,34.733,180586.1,119824.55,87892.47,6.12
2023-09-05,38.25,38.78,37.37,37.08,86111.0,-1.23,-3.19,38.894,35.931,34.807,169177.71,123846.45,88677.62,5.37
2023-09-06,37.19,37.95,36.87,36.6,73672.2,-0.5,-1.34,38.414,36.405,34.906,136167.33,126288.17,89723.08,4.59
2023-09-07,37.02,38.66,33.4,33.3,129517.1,-3.47,-9.41,37.034,36.42,34.845,110247.45,130860.08,94231.59,8.07
2023-09-08,33.4,33.75,30.7,30.43,162417.0,-2.7,-8.08,35.388,36.312,34.687,109969.71,141656.48,100133.04,10.12
2023-09-11,30.86,31.43,30.8,29.45,122973.0,0.1,0.33,33.828,36.194,34.462,114938.06,147762.08,103256.94,7.66
2023-09-12,30.7,30.78,29.7,29.62,66153.0,-1.1,-3.57,32.294,35.594,34.238,110946.46,140062.08,104203.14,4.12
2023-09-13,29.74,30.57,29.22,28.83,83612.0,-0.48,-1.62,30.764,34.589,34.033,112934.42,124550.88,105420.09,5.21
2023-09-14,29.05,29.28,28.6,28.38,69779.0,-0.62,-2.12,29.804,33.419,33.773,100986.8,105617.12,106059.04,4.35
2023-09-15,28.69,29.17,28.3,28.15,58849.0,-0.3,-1.05,29.324,32.356,33.584,80273.2,95121.45,105354.19,3.67
2023-09-18,28.15,29.0,28.16,28.02,69233.0,-0.14,-0.49,28.796,31.312,33.398,69525.2,92231.63,106028.09,4.31
2023-09-19,27.91,28.2,27.56,27.4,44866.0,-0.6,-2.13,28.368,30.331,33.131,65267.8,88107.13,105976.79,2.8
2023-09-20,27.68,28.2,27.36,27.28,64817.0,-0.2,-0.73,27.996,29.38,32.893,61508.8,87221.61,106754.89,4.04
2023-09-21,27.3,27.69,27.3,27.11,48578.0,-0.06,-0.22,27.736,28.77,32.595,57268.6,79127.7,104993.89,3.03
2023-09-22,27.31,31.05,30.09,27.22,204069.0,2.79,10.22,28.094,28.709,32.511,86312.6,83292.9,112474.69,12.72
2023-09-25,30.22,30.49,30.1,29.3,108508.0,0.01,0.03,28.482,28.639,32.417,94167.6,81846.4,114804.24,6.76
2023-09-26,30.01,32.4,31.58,29.88,156894.23,1.48,4.92,29.286,28.827,32.211,116573.25,90920.52,115491.3,9.78
2023-09-27,31.5,34.0,32.8,31.33,151744.0,1.22,3.86,30.374,29.185,31.887,133958.65,97733.72,111142.3,9.46
2023-09-28,33.13,34.97,34.71,32.56,158986.0,1.91,5.82,31.856,29.796,31.608,156040.25,106654.42,106135.77,9.91
2023-10-09,34.5,35.37,34.84,33.2,153097.0,0.13,0.38,32.806,30.45,31.403,145845.85,116079.22,105600.34,9.54
2023-10-10,34.85,35.96,34.68,34.37,108389.1,-0.16,-0.46,33.722,31.102,31.207,145822.07,119994.83,106113.23,6.75
2023-10-11,34.08,35.37,34.73,33.53,100001.08,0.05,0.14,34.352,31.819,31.075,134443.44,125508.34,106807.74,6.23
2023-10-12,34.68,34.88,33.53,33.2,81397.75,-1.2,-3.46,34.498,32.436,30.908,120374.19,127166.42,107194.01,5.07
2023-10-13,33.56,34.16,32.66,32.5,76724.0,-0.87,-2.6,34.088,32.972,30.871,103921.79,129981.02,104554.36,4.78
2023-10-16,33.3,33.49,31.33,30.3,108135.0,-1.33,-4.07,33.386,33.096,30.903,94929.39,120387.62,101840.26,6.74
2023-10-17,31.6,34.1,33.59,31.03,121388.75,2.26,7.21,33.168,33.445,31.042,97529.32,121675.69,101761.05,7.56
2023-10-18,32.59,32.74,32.01,30.6,116661.13,-1.58,-4.7,32.624,33.488,31.158,100861.33,117652.38,104286.45,7.27
2023-10-19,32.14,34.39,33.25,31.85,123499.08,1.24,3.87,32.568,33.533,31.359,109281.59,114827.89,106280.81,7.7
2023-10-20,33.2,33.7,32.32,31.9,93871.0,-0.93,-2.8,32.5,33.294,31.545,112710.99,108316.39,107485.41,5.85
2023-10-23,32.36,33.26,30.88,30.67,71833.0,-1.44,-4.46,32.41,32.898,31.674,105450.59,100189.99,108134.61,4.48
2023-10-24,31.2,33.73,32.57,30.8,104376.1,1.69,5.47,32.206,32.687,31.895,102048.06,99788.69,109891.76,6.5
2023-10-25,33.34,38.28,37.5,32.86,239165.0,4.93,15.14,33.304,32.964,32.392,126548.84,113705.08,119606.71,14.9
2023-10-26,38.62,39.28,38.34,35.88,247068.12,0.84,2.24,34.322,33.445,32.941,151262.64,130272.12,128719.27,15.4
2023-10-27,38.05,42.49,41.8,36.35,270292.69,3.46,9.03,36.218,34.359,33.666,186546.98,149628.99,139805.0,16.84
2023-10-30,42.5,45.7,45.7,41.52,278427.81,3.9,9.33,39.182,35.796,34.446,227865.94,166658.27,143522.94,17.35
2023-10-31,48.5,49.98,44.8,43.37,295146.84,-0.9,-1.97,41.628,36.917,35.181,266020.09,184034.08,152854.88,18.39
2023-11-01,44.34,48.18,45.35,43.77,229653.7,0.55,1.23,43.198,38.251,35.87,264117.83,195333.33,156492.86,14.31
2023-11-02,44.05,47.88,43.05,43.05,271802.88,-2.3,-5.07,44.14,39.231,36.382,269064.78,210163.71,162495.8,16.94
2023-11-03,44.2,47.33,46.51,44.11,304610.03,3.46,8.04,45.082,40.65,36.972,275928.25,231237.62,169777.0,18.98
2023-11-06,48.32,55.81,55.81,47.08,358506.62,9.3,20.0,47.104,43.143,38.021,291944.01,259904.98,180047.48,22.34
2023-11-07,54.99,55.5,54.25,53.08,296565.09,-1.56,-2.79,48.994,45.311,38.999,292227.66,279123.88,189456.28,18.48
2023-11-08,53.4,58.0,55.5,52.05,284143.88,1.25,2.3,51.024,47.111,40.038,303125.7,283621.77,198663.42,17.71
2023-11-09,53.38,55.4,52.22,51.66,213164.77,-3.28,-5.91,52.858,48.499,40.972,291398.08,280231.43,205251.77,13.28
2023-11-10,51.6,52.88,48.3,47.4,339961.84,-3.92,-7.51,53.216,49.149,41.754,298468.44,287198.35,218413.67,21.18
2023-11-13,48.54,48.72,44.29,43.53,317674.25,-4.01,-8.3,50.912,49.008,42.402,290301.97,291122.99,228890.63,19.8
2023-11-14,42.18,44.28,43.4,40.98,361383.28,-0.89,-2.01,48.742,48.868,42.893,303265.6,297746.63,240890.36,22.52
2023-11-15,43.62,44.78,43.27,42.6,241372.8,-0.13,-0.3,46.296,48.66,43.456,294711.39,298918.54,247125.94,15.04
2023-11-16,42.33,43.74,41.9,41.75,217553.92,-1.37,-3.17,44.232,48.545,43.888,295589.22,293493.65,251828.68,13.56
2023-11-17,41.99,42.33,39.76,39.5,246165.36,-2.14,-5.11,42.524,47.87,44.26,276829.92,287649.18,259443.4,15.34
2023-11-20,39.95,40.7,39.69,39.3,187929.12,-0.07,-0.18,41.604,46.258,44.701,250880.9,270591.43,265248.21,11.71
2023-11-21,39.82,41.8,40.92,38.9,332267.69,1.23,3.1,41.108,44.925,45.118,245057.78,274161.69,276642.78,20.71
2023-11-22,40.5,42.18,41.12,39.26,328452.88,0.2,0.49,40.678,43.487,45.299,262473.79,278592.59,281107.18,20.47
2023-11-23,40.57,40.92,40.4,38.24,212000.92,-0.72,-1.75,40.378,42.305,45.402,261363.19,278476.21,279353.82,13.21
2023-11-24,39.87,41.39,39.69,38.88,172173.36,-0.71,-1.76,40.364,41.444,45.297,246564.79,261697.36,274447.85,10.73
2023-11-27,39.6,39.83,38.15,37.72,155251.67,-1.54,-3.88,40.056,40.83,44.919,240029.3,245455.1,268289.05,9.67
2023-11-28,37.89,38.99,38.29,37.7,100741.0,0.14,0.37,39.53,40.319,44.594,193723.97,219390.87,258568.75,6.28
2023-11-29,38.29,38.93,38.0,37.67,100863.54,-0.29,-0.76,38.906,39.792,44.226,148206.1,205339.95,252129.25,6.29
2023-11-30,38.37,44.18,43.24,38.14,391988.81,5.24,13.79,39.474,39.926,44.236,184203.68,222783.44,258138.54,24.43
2023-12-01,43.0,46.4,45.31,42.28,336436.44,2.07,4.79,40.598,40.481,44.176,217056.29,231810.54,259729.86,20.97
2023-12-04,46.3,49.0,46.9,46.2,290374.09,1.59,3.51,42.348,41.202,43.73,244080.78,242055.04,256323.24,18.09
2023-12-05,46.9,47.73,46.17,44.85,230146.72,-0.73,-1.56,43.924,41.727,43.326,269961.92,231842.94,253002.32,14.34
2023-12-06,45.0,51.0,48.8,45.0,259795.41,2.63,5.7,46.084,42.495,42.991,301748.29,224977.2,251784.89,16.19
2023-12-07,48.4,50.6,47.73,47.47,198448.56,-1.07,-2.19,46.982,43.228,42.767,263040.24,223621.96,251049.08,12.37
2023-12-08,46.67,48.33,46.46,46.0,203939.0,-1.27,-2.66,47.212,43.905,42.675,236540.76,226798.52,244247.94,12.71
2023-12-11,46.55,47.97,47.21,46.2,168432.0,0.75,1.61,47.274,44.811,42.821,212152.34,228116.56,236785.83,10.5
2023-12-12,44.7,49.9,49.27,43.32,301956.75,2.06,4.36,47.894,45.909,43.114,226514.34,248238.13,233814.5,18.82
2023-12-13,50.0,53.28,48.53,48.12,226173.62,-0.74,-1.5,47.84,46.962,43.377,219789.99,260769.14,233054.54,14.09
2023-12-14,49.19,56.0,52.0,49.19,396980.41,3.47,7.15,48.694,47.838,43.882,259496.36,261268.3,242025.87,24.74
